{"time_avg": 1.4087042808532715, "time_std": 0.0, "mse_avg": 0.0014574941014871001, "mse_std": 0.018091503530740738}